submissionIndex,studentCode,questionCategoryName,questionCategoryDefinition,questionCategoryDirectives,questionText,correctAnswer,otherAnswers,explanation,hints
"1","import java.util.Scanner;
public class BasicIO {
    public static void main(String[] args) {
        Scanner scnr = new Scanner(System.in);
        System.out.print(""Enter an integer: "");
        int num1 = scnr.nextInt();
        System.out.println(""The triple of "" + num1 + "" is "" + (3 * num1));
        System.out.println(""The square of "" + num1 + "" is "" + (num1 * num1));
        System.out.println(""Voila!"");
        System.out.print(""Enter another integer: "");
        int num2 = scnr.nextInt();
        System.out.println(""("" + num1 + "" + "" + num2 + "") is "" + (num1 + num2));
        System.out.println(""("" + num1 + "" * "" + num2 + "") is "" + (num1 * num2));
        System.out.println(""That is all!"");
    }  
}  
public class EiffelTower {
    public static void main(String[] args) {
        System.out.println(""                |"");
        System.out.println(""                |"");
        System.out.println(""                A"");
        System.out.println(""              _/X\_"");
        System.out.println(""              \/X\/"");
        System.out.println(""               |V|"");
        System.out.println(""               |A|"");
        System.out.println(""               |V|"");
        System.out.println(""              /XXX\"");
        System.out.println(""              |\/\|"");
        System.out.println(""              |/\/|"");
        System.out.println(""              |\/\|"");
        System.out.println(""              |/\/|"");
        System.out.println(""              |\/\|"");
        System.out.println(""              |/\/|"");
        System.out.println(""             IIIIIII"");
        System.out.println(""             |\/_\/|"");
        System.out.println(""            /\
        System.out.println(""            |/|   |\|"");
        System.out.println(""           /\X/___\X/\"");
        System.out.println(""          IIIIIIIIIIIII"");
        System.out.println(""         /`-\/XXXXX\/-`\"");
        System.out.println(""       /`.-'/\|/I\|/\'-.`\"");
        System.out.println(""      /`\-/_.-""``""-._ \-/\"");
        System.out.println(""     /.-'.'           '.'-.\"");
        System.out.println(""    /`\-/               \-/`\"");
        System.out.println("" _/` -
    ""/`_               _`\"" -
    `\_"");
        System.out.println(""`""""""""""""""``""""""""""""`"");
    }  
}  
import java.util.Scanner;
public class HelloThere {
    public static void main(String[] args) {
        Scanner scnr = new Scanner(System.in);
        System.out.print(""What is your name? "");
        String name = scnr.next();
        System.out.println(""Hello "" + name + ""!"");
    }  
}  
public class ProgrammingStyleGuide {
    public static void main(String[] args) {
        System.out.print(""I have read the CS 1101 programming style guide document on "" +
                ""Brightspace and agree to follow the style guidelines in the document.
"");
    }  
}","Arithmetic Operation Trace","Tests if the student can compute arithmetic operations with provided user input and predict the output.","Identify arithmetic operations in the code that use inputs captured through a Scanner.; Simulate the arithmetic calculations performed with given input values.; Create a question requiring the student to compute and determine the resulting outputs after performing these operations.; Provide concrete, new input values for all required variables or parameters.; Explicitly mention the name of the variable/method that you're referring to.; Do not ask questions that have anything to do with the Random class or it's seed. Do not even mention seed.; Do not ask questions that ask about the quality of the written code or to critique a piece of code.; Do not generate question types that ask about the role/purpose of a variable, line, method, object or class.","In the 'BasicIO' class, if the integer input values for 'num1' and 'num2' are 4 and 5 respectively, what will be the result of the expression '(num1 + num2)'?","9","20; 45; 25","The expression '(num1 + num2)' adds the two integer inputs together. If 'num1' is 4 and 'num2' is 5, then '(num1 + num2)' equals 4 + 5, which is 9.","The incorrect answer '20' is likely from confusing addition with multiplication; remember, it's an addition operation.; The incorrect answer '45' is from concatenating strings of the numbers, not adding them as integers.; The incorrect answer '25' might be from mistakenly using multiplication (5 times 5) instead of the intended addition operation."
"1","import java.util.Scanner;
public class BasicIO {
    public static void main(String[] args) {
        Scanner scnr = new Scanner(System.in);
        System.out.print(""Enter an integer: "");
        int num1 = scnr.nextInt();
        System.out.println(""The triple of "" + num1 + "" is "" + (3 * num1));
        System.out.println(""The square of "" + num1 + "" is "" + (num1 * num1));
        System.out.println(""Voila!"");
        System.out.print(""Enter another integer: "");
        int num2 = scnr.nextInt();
        System.out.println(""("" + num1 + "" + "" + num2 + "") is "" + (num1 + num2));
        System.out.println(""("" + num1 + "" * "" + num2 + "") is "" + (num1 * num2));
        System.out.println(""That is all!"");
    }  
}  
public class EiffelTower {
    public static void main(String[] args) {
        System.out.println(""                |"");
        System.out.println(""                |"");
        System.out.println(""                A"");
        System.out.println(""              _/X\_"");
        System.out.println(""              \/X\/"");
        System.out.println(""               |V|"");
        System.out.println(""               |A|"");
        System.out.println(""               |V|"");
        System.out.println(""              /XXX\"");
        System.out.println(""              |\/\|"");
        System.out.println(""              |/\/|"");
        System.out.println(""              |\/\|"");
        System.out.println(""              |/\/|"");
        System.out.println(""              |\/\|"");
        System.out.println(""              |/\/|"");
        System.out.println(""             IIIIIII"");
        System.out.println(""             |\/_\/|"");
        System.out.println(""            /\
        System.out.println(""            |/|   |\|"");
        System.out.println(""           /\X/___\X/\"");
        System.out.println(""          IIIIIIIIIIIII"");
        System.out.println(""         /`-\/XXXXX\/-`\"");
        System.out.println(""       /`.-'/\|/I\|/\'-.`\"");
        System.out.println(""      /`\-/_.-""``""-._ \-/\"");
        System.out.println(""     /.-'.'           '.'-.\"");
        System.out.println(""    /`\-/               \-/`\"");
        System.out.println("" _/` -
    ""/`_               _`\"" -
    `\_"");
        System.out.println(""`""""""""""""""``""""""""""""`"");
    }  
}  
import java.util.Scanner;
public class HelloThere {
    public static void main(String[] args) {
        Scanner scnr = new Scanner(System.in);
        System.out.print(""What is your name? "");
        String name = scnr.next();
        System.out.println(""Hello "" + name + ""!"");
    }  
}  
public class ProgrammingStyleGuide {
    public static void main(String[] args) {
        System.out.print(""I have read the CS 1101 programming style guide document on "" +
                ""Brightspace and agree to follow the style guidelines in the document.
"");
    }  
}","Input and Output Sequence Trace","Tests if the student can predict the sequence of input prompts and output messages generated by the code.","Identify any methods or classes that interact with the user via the console by taking inputs or displaying outputs.; List the exact order of input prompts and outputs that will be produced if the program is executed step by step.; Formulate a question that presents a sequence from the code and asks the student to fill in the missing parts or predict the next part.; Provide concrete, new input values for all required variables or parameters.; Explicitly mention the name of the variable/method that you're referring to.; Do not ask questions that have anything to do with the Random class or it's seed. Do not even mention seed.; Do not ask questions that ask about the quality of the written code or to critique a piece of code.; Do not generate question types that ask about the role/purpose of a variable, line, method, object or class.","Given the following sequence from the BasicIO class, what will be the next output or prompt?
1. ""Enter an integer: ""
2. The user inputs 4
3. ""The triple of 4 is 12""
4. ""The square of 4 is 16""
5. ""Voila!""
6. ???","""Enter another integer: ""","""The program has ended.""; ""Integer input received.""; ""Enter your first integer: ""","After the outputs ""The triple of 4 is 12"" and ""The square of 4 is 16"", the program proceeds to output ""Voila!"" followed by prompting the user to enter another integer with ""Enter another integer: "".","The incorrect answer suggests the program ends early, which is not true as per the program flow.; This option is misleading because the program expects another user input directly after ""Voila!"".; The prompt ""Enter your first integer: "" is only used at the beginning, not after ""Voila!""."
"1","import java.util.Scanner;
public class BasicIO {
    public static void main(String[] args) {
        Scanner scnr = new Scanner(System.in);
        System.out.print(""Enter an integer: "");
        int num1 = scnr.nextInt();
        System.out.println(""The triple of "" + num1 + "" is "" + (3 * num1));
        System.out.println(""The square of "" + num1 + "" is "" + (num1 * num1));
        System.out.println(""Voila!"");
        System.out.print(""Enter another integer: "");
        int num2 = scnr.nextInt();
        System.out.println(""("" + num1 + "" + "" + num2 + "") is "" + (num1 + num2));
        System.out.println(""("" + num1 + "" * "" + num2 + "") is "" + (num1 * num2));
        System.out.println(""That is all!"");
    }  
}  
public class EiffelTower {
    public static void main(String[] args) {
        System.out.println(""                |"");
        System.out.println(""                |"");
        System.out.println(""                A"");
        System.out.println(""              _/X\_"");
        System.out.println(""              \/X\/"");
        System.out.println(""               |V|"");
        System.out.println(""               |A|"");
        System.out.println(""               |V|"");
        System.out.println(""              /XXX\"");
        System.out.println(""              |\/\|"");
        System.out.println(""              |/\/|"");
        System.out.println(""              |\/\|"");
        System.out.println(""              |/\/|"");
        System.out.println(""              |\/\|"");
        System.out.println(""              |/\/|"");
        System.out.println(""             IIIIIII"");
        System.out.println(""             |\/_\/|"");
        System.out.println(""            /\
        System.out.println(""            |/|   |\|"");
        System.out.println(""           /\X/___\X/\"");
        System.out.println(""          IIIIIIIIIIIII"");
        System.out.println(""         /`-\/XXXXX\/-`\"");
        System.out.println(""       /`.-'/\|/I\|/\'-.`\"");
        System.out.println(""      /`\-/_.-""``""-._ \-/\"");
        System.out.println(""     /.-'.'           '.'-.\"");
        System.out.println(""    /`\-/               \-/`\"");
        System.out.println("" _/` -
    ""/`_               _`\"" -
    `\_"");
        System.out.println(""`""""""""""""""``""""""""""""`"");
    }  
}  
import java.util.Scanner;
public class HelloThere {
    public static void main(String[] args) {
        Scanner scnr = new Scanner(System.in);
        System.out.print(""What is your name? "");
        String name = scnr.next();
        System.out.println(""Hello "" + name + ""!"");
    }  
}  
public class ProgrammingStyleGuide {
    public static void main(String[] args) {
        System.out.print(""I have read the CS 1101 programming style guide document on "" +
                ""Brightspace and agree to follow the style guidelines in the document.
"");
    }  
}","Scanner Input Utilization","Tests if the student understands how user inputs are processed and used in subsequent code to influence operations or outputs.","Find code blocks where user input is captured using a Scanner object.; Trace how the input value is used within the code's logic.; Generate a question about how changes in input affect subsequent calculations or output, requiring a trial-like execution of the code.; Provide concrete, new input values for all required variables or parameters.; Explicitly mention the name of the variable/method that you're referring to.; Do not ask questions that have anything to do with the Random class or it's seed. Do not even mention seed.; Do not ask questions that ask about the quality of the written code or to critique a piece of code.; Do not generate question types that ask about the role/purpose of a variable, line, method, object or class.","In the ""BasicIO"" class, if the first integer input for the variable 'num1' is 4, and the second integer input for the variable 'num2' is 5, what will be the result of the expression ""(num1 + num2)"" as printed in the output?","9","45; 20; 25","In the provided code for the 'BasicIO' class, 'num1' is set to 4 and 'num2' is set to 5 from the user inputs. The code then calculates (num1 + num2), which is 4 + 5 = 9.","The input values should be added, not concatenated. Therefore, 45 is incorrect.; The addition of 4 and 5 is not a multiplication operation; hence, 20 is incorrect.; The expression asks for a simple addition, not a square or multiplication, so 25 is wrong."
"2","import java.time.temporal.ChronoUnit;
import java.time.LocalDate;
import java.util.Scanner;
public class BirthdayTrivia {
    public static final int daysInYear = 365;
    public static final int hoursInDay = 24;
    public static final int minutesInHour = 60;
    public static final int secondsInMinute = 60;
    public static final int beatsPerMinute = 72;
    public static final int tacosPerWeek = 2;
    public static void main(String[] args) {
        Scanner scnr = new Scanner(System.in);
        System.out.print(""Enter the month you were born (1-12): "");
        int monthBorn = scnr.nextInt();
        System.out.print(""Enter the day you were born (1-31): "");
        int dayBorn = scnr.nextInt();
        System.out.print(""Enter the year you were born (1900-2017): "");
        int yearBorn = scnr.nextInt();
        LocalDate birthDate = LocalDate.of(yearBorn, monthBorn, dayBorn);
        LocalDate targetDate = LocalDate.of(2023, 10, 1);
        int daysAlive = (int) ChronoUnit.DAYS.between(birthDate, targetDate);
        System.out.println(""On October 1st of this year,"");
        System.out.println(""you will have been alive for around ..."");
        System.out.printf(""- %.2f years
"", (double) daysAlive / daysInYear);
        System.out.printf(""- %d days
"", daysAlive);
        System.out.printf(""- %d hours
"", daysAlive * hoursInDay);
        System.out.printf(""- %d minutes
"", daysAlive * hoursInDay * minutesInHour);
        System.out.printf(
                ""- %d seconds
"",
                daysAlive * hoursInDay * minutesInHour * secondsInMinute);
        System.out.printf(
                ""Your heart will have beaten around %d times
"",
                daysAlive * hoursInDay * minutesInHour * beatsPerMinute);
        System.out.printf(
                ""and most importantly, you will have eaten about %d tacos.
"",
                daysAlive / 7 * tacosPerWeek);
    } 
}  
import java.util.Scanner;
public class CarCosts {
    public static void main(String[] args) {
        Scanner scnr = new Scanner(System.in);
        System.out.print(""Enter the car's efficiency: "");
        double carEfficiency = scnr.nextDouble();
        System.out.print(""Enter the cost of fuel: "");
        double gasCost = scnr.nextDouble();
        System.out.printf(
                ""The cost to drive this car for 10 miles is $%.2f
"",
                10.0 * (1 / carEfficiency) * gasCost);
        System.out.printf(
                ""The cost to drive this car for 50 miles is $%.2f
"",
                50.0 * (1 / carEfficiency) * gasCost);
        System.out.printf(
                ""The cost to drive this car for 400 miles is $%.2f
"",
                400.0 * (1 / carEfficiency) * gasCost);
    }  
}  
import java.util.Scanner;
public class DoTheMath {
    public static void main(String[] args) {
        Scanner scnr = new Scanner(System.in);
        System.out.print(""Enter value for x: "");
        double x = scnr.nextDouble();
        System.out.print(""Enter value for y: "");
        double y = scnr.nextDouble();
        System.out.print(""Enter value for z: "");
        double z = scnr.nextDouble();
        System.out.println(
                ""The result of x to the power y is ""
                + Math.pow(x, y));
        System.out.println(
                ""The result of x to the power (y to the power z) is ""
                + Math.pow(x, (Math.pow(y, z))));
        System.out.println(
                ""The absolute value of x is ""
                + Math.abs(x));
        System.out.println(
                ""The square root of (x * y) to the power z is ""
                + Math.pow(Math.sqrt(x * y), z));
    }  
}  
import java.util.*;
public class Polynomial {
    public static void main(String[] args) {
    Scanner console = new Scanner(System.in);
    int root1, root2;
    System.out.print(""Enter first root: "");
    root1 = console.nextInt();
    System.out.print(""Enter second root: "");
    root2 = console.nextInt();
    System.out.print(""The polynomial is "");
    System.out.println(""x^2 + "" + -(root1 + root2) + ""x + "" + (root1 * root2));
    }
}","Conditional and Computational Execution","Tests if the student can predict the outcome of mathematical computations based on user input and method resolutions, especially when utilizing imported utility functions.","Select a block of code where mathematical operations are performed based on user-provided input.; Ensure the block uses standard library functions such as Math.pow, Math.sqrt, or Math.abs.; Ask the student to calculate and predict the exact output given specific hypothetical values for the input.; Provide concrete, new input values for all required variables or parameters.; Explicitly mention the name of the variable/method that you're referring to.; Do not ask questions that have anything to do with the Random class or it's seed. Do not even mention seed.; Do not ask questions that ask about the quality of the written code or to critique a piece of code.; Do not generate question types that ask about the role/purpose of a variable, line, method, object or class.","In the 'DoTheMath' class, what will be the result of the statement 'Math.pow(x, (Math.pow(y, z)))' if x = 2, y = 3, and z = 2?","64.0","8.0; 512.0; 18.0","First, calculate y to the power z, which is 3^2 = 9. Then calculate 2^9 = 512. Hence, 'Math.pow(x, (Math.pow(y, z)))' results in 512.0.","8.0 is the result of 2 raised to the power 3, which is incorrect since (Math.pow(y, z)) equals 9, not 3.; 512.0 is the correct calculation for 2 raised to the power of 9.; 18.0 assumes incorrect application of operations, not sequential power operations."
"2","import java.time.temporal.ChronoUnit;
import java.time.LocalDate;
import java.util.Scanner;
public class BirthdayTrivia {
    public static final int daysInYear = 365;
    public static final int hoursInDay = 24;
    public static final int minutesInHour = 60;
    public static final int secondsInMinute = 60;
    public static final int beatsPerMinute = 72;
    public static final int tacosPerWeek = 2;
    public static void main(String[] args) {
        Scanner scnr = new Scanner(System.in);
        System.out.print(""Enter the month you were born (1-12): "");
        int monthBorn = scnr.nextInt();
        System.out.print(""Enter the day you were born (1-31): "");
        int dayBorn = scnr.nextInt();
        System.out.print(""Enter the year you were born (1900-2017): "");
        int yearBorn = scnr.nextInt();
        LocalDate birthDate = LocalDate.of(yearBorn, monthBorn, dayBorn);
        LocalDate targetDate = LocalDate.of(2023, 10, 1);
        int daysAlive = (int) ChronoUnit.DAYS.between(birthDate, targetDate);
        System.out.println(""On October 1st of this year,"");
        System.out.println(""you will have been alive for around ..."");
        System.out.printf(""- %.2f years
"", (double) daysAlive / daysInYear);
        System.out.printf(""- %d days
"", daysAlive);
        System.out.printf(""- %d hours
"", daysAlive * hoursInDay);
        System.out.printf(""- %d minutes
"", daysAlive * hoursInDay * minutesInHour);
        System.out.printf(
                ""- %d seconds
"",
                daysAlive * hoursInDay * minutesInHour * secondsInMinute);
        System.out.printf(
                ""Your heart will have beaten around %d times
"",
                daysAlive * hoursInDay * minutesInHour * beatsPerMinute);
        System.out.printf(
                ""and most importantly, you will have eaten about %d tacos.
"",
                daysAlive / 7 * tacosPerWeek);
    } 
}  
import java.util.Scanner;
public class CarCosts {
    public static void main(String[] args) {
        Scanner scnr = new Scanner(System.in);
        System.out.print(""Enter the car's efficiency: "");
        double carEfficiency = scnr.nextDouble();
        System.out.print(""Enter the cost of fuel: "");
        double gasCost = scnr.nextDouble();
        System.out.printf(
                ""The cost to drive this car for 10 miles is $%.2f
"",
                10.0 * (1 / carEfficiency) * gasCost);
        System.out.printf(
                ""The cost to drive this car for 50 miles is $%.2f
"",
                50.0 * (1 / carEfficiency) * gasCost);
        System.out.printf(
                ""The cost to drive this car for 400 miles is $%.2f
"",
                400.0 * (1 / carEfficiency) * gasCost);
    }  
}  
import java.util.Scanner;
public class DoTheMath {
    public static void main(String[] args) {
        Scanner scnr = new Scanner(System.in);
        System.out.print(""Enter value for x: "");
        double x = scnr.nextDouble();
        System.out.print(""Enter value for y: "");
        double y = scnr.nextDouble();
        System.out.print(""Enter value for z: "");
        double z = scnr.nextDouble();
        System.out.println(
                ""The result of x to the power y is ""
                + Math.pow(x, y));
        System.out.println(
                ""The result of x to the power (y to the power z) is ""
                + Math.pow(x, (Math.pow(y, z))));
        System.out.println(
                ""The absolute value of x is ""
                + Math.abs(x));
        System.out.println(
                ""The square root of (x * y) to the power z is ""
                + Math.pow(Math.sqrt(x * y), z));
    }  
}  
import java.util.*;
public class Polynomial {
    public static void main(String[] args) {
    Scanner console = new Scanner(System.in);
    int root1, root2;
    System.out.print(""Enter first root: "");
    root1 = console.nextInt();
    System.out.print(""Enter second root: "");
    root2 = console.nextInt();
    System.out.print(""The polynomial is "");
    System.out.println(""x^2 + "" + -(root1 + root2) + ""x + "" + (root1 * root2));
    }
}","User Input Trace","Tests if the student can trace how user inputs affect the program logic and outputs.","Select a section of the code where multiple user inputs are collected through the console.; Trace the influence of these inputs on the computation in the program.; Ask the student to predict final outputs based on specified inputs.; Provide concrete, new input values for all required variables or parameters.; Explicitly mention the name of the variable/method that you're referring to.; Do not ask questions that have anything to do with the Random class or it's seed. Do not even mention seed.; Do not ask questions that ask about the quality of the written code or to critique a piece of code.; Do not generate question types that ask about the role/purpose of a variable, line, method, object or class.","In the BirthdayTrivia program, if the user enters 12 for the month, 25 for the day, and 2000 for the year, how many days alive will be printed on October 1st of this year?","8,400 days","8,395 days; 8,430 days; 8,445 days","The user input represents December 25, 2000. The program computes the number of days between this date and October 1, 2023, using ChronoUnit.DAYS.between(). Calculating this gives us approximately 8,400 days.","8,395 days is incorrect because it assumes a different start date.; 8,430 days is incorrect because it includes an extra month.; 8,445 days is incorrect because it includes more extra days than the calendar allows."
"2","import java.time.temporal.ChronoUnit;
import java.time.LocalDate;
import java.util.Scanner;
public class BirthdayTrivia {
    public static final int daysInYear = 365;
    public static final int hoursInDay = 24;
    public static final int minutesInHour = 60;
    public static final int secondsInMinute = 60;
    public static final int beatsPerMinute = 72;
    public static final int tacosPerWeek = 2;
    public static void main(String[] args) {
        Scanner scnr = new Scanner(System.in);
        System.out.print(""Enter the month you were born (1-12): "");
        int monthBorn = scnr.nextInt();
        System.out.print(""Enter the day you were born (1-31): "");
        int dayBorn = scnr.nextInt();
        System.out.print(""Enter the year you were born (1900-2017): "");
        int yearBorn = scnr.nextInt();
        LocalDate birthDate = LocalDate.of(yearBorn, monthBorn, dayBorn);
        LocalDate targetDate = LocalDate.of(2023, 10, 1);
        int daysAlive = (int) ChronoUnit.DAYS.between(birthDate, targetDate);
        System.out.println(""On October 1st of this year,"");
        System.out.println(""you will have been alive for around ..."");
        System.out.printf(""- %.2f years
"", (double) daysAlive / daysInYear);
        System.out.printf(""- %d days
"", daysAlive);
        System.out.printf(""- %d hours
"", daysAlive * hoursInDay);
        System.out.printf(""- %d minutes
"", daysAlive * hoursInDay * minutesInHour);
        System.out.printf(
                ""- %d seconds
"",
                daysAlive * hoursInDay * minutesInHour * secondsInMinute);
        System.out.printf(
                ""Your heart will have beaten around %d times
"",
                daysAlive * hoursInDay * minutesInHour * beatsPerMinute);
        System.out.printf(
                ""and most importantly, you will have eaten about %d tacos.
"",
                daysAlive / 7 * tacosPerWeek);
    } 
}  
import java.util.Scanner;
public class CarCosts {
    public static void main(String[] args) {
        Scanner scnr = new Scanner(System.in);
        System.out.print(""Enter the car's efficiency: "");
        double carEfficiency = scnr.nextDouble();
        System.out.print(""Enter the cost of fuel: "");
        double gasCost = scnr.nextDouble();
        System.out.printf(
                ""The cost to drive this car for 10 miles is $%.2f
"",
                10.0 * (1 / carEfficiency) * gasCost);
        System.out.printf(
                ""The cost to drive this car for 50 miles is $%.2f
"",
                50.0 * (1 / carEfficiency) * gasCost);
        System.out.printf(
                ""The cost to drive this car for 400 miles is $%.2f
"",
                400.0 * (1 / carEfficiency) * gasCost);
    }  
}  
import java.util.Scanner;
public class DoTheMath {
    public static void main(String[] args) {
        Scanner scnr = new Scanner(System.in);
        System.out.print(""Enter value for x: "");
        double x = scnr.nextDouble();
        System.out.print(""Enter value for y: "");
        double y = scnr.nextDouble();
        System.out.print(""Enter value for z: "");
        double z = scnr.nextDouble();
        System.out.println(
                ""The result of x to the power y is ""
                + Math.pow(x, y));
        System.out.println(
                ""The result of x to the power (y to the power z) is ""
                + Math.pow(x, (Math.pow(y, z))));
        System.out.println(
                ""The absolute value of x is ""
                + Math.abs(x));
        System.out.println(
                ""The square root of (x * y) to the power z is ""
                + Math.pow(Math.sqrt(x * y), z));
    }  
}  
import java.util.*;
public class Polynomial {
    public static void main(String[] args) {
    Scanner console = new Scanner(System.in);
    int root1, root2;
    System.out.print(""Enter first root: "");
    root1 = console.nextInt();
    System.out.print(""Enter second root: "");
    root2 = console.nextInt();
    System.out.print(""The polynomial is "");
    System.out.println(""x^2 + "" + -(root1 + root2) + ""x + "" + (root1 * root2));
    }
}","Mathematical Calculation Output","Tests if the student can trace and identify how mathematical expressions are evaluated and influence the output.","Select a mathematical expression involving multiple operations or utilizing Math library functions.; Trace the calculation steps based on provided or hypothetical input values.; Ask students to predict the final output of these calculations when explicit values are given.; Provide concrete, new input values for all required variables or parameters.; Explicitly mention the name of the variable/method that you're referring to.; Do not ask questions that have anything to do with the Random class or it's seed. Do not even mention seed.; Do not ask questions that ask about the quality of the written code or to critique a piece of code.; Do not generate question types that ask about the role/purpose of a variable, line, method, object or class.","In the class 'DoTheMath', if x = 4.0, y = 2.0, and z = 3.0, what is the output of the expression 'Math.pow(x, (Math.pow(y, z)))'?","4096.0","256.0; 64.0; 16.0","Using the given values, we first calculate Math.pow(y, z), which is Math.pow(2.0, 3.0) = 8.0. Then, we calculate Math.pow(x, 8.0), which results in Math.pow(4.0, 8.0) = 4096.0.","The result of Math.pow(x, y) is not directly used in this expression.; 64.0 is the result of Math.pow(x, y) with x = 4.0 and y = 3.0, not relevant to the inner calculation of Math.pow(y, z).; 16.0 is incorrect because it represents a simpler power, not the compounded calculation the question calls for."
"2","import java.time.temporal.ChronoUnit;
import java.time.LocalDate;
import java.util.Scanner;
public class BirthdayTrivia {
    public static final int daysInYear = 365;
    public static final int hoursInDay = 24;
    public static final int minutesInHour = 60;
    public static final int secondsInMinute = 60;
    public static final int beatsPerMinute = 72;
    public static final int tacosPerWeek = 2;
    public static void main(String[] args) {
        Scanner scnr = new Scanner(System.in);
        System.out.print(""Enter the month you were born (1-12): "");
        int monthBorn = scnr.nextInt();
        System.out.print(""Enter the day you were born (1-31): "");
        int dayBorn = scnr.nextInt();
        System.out.print(""Enter the year you were born (1900-2017): "");
        int yearBorn = scnr.nextInt();
        LocalDate birthDate = LocalDate.of(yearBorn, monthBorn, dayBorn);
        LocalDate targetDate = LocalDate.of(2023, 10, 1);
        int daysAlive = (int) ChronoUnit.DAYS.between(birthDate, targetDate);
        System.out.println(""On October 1st of this year,"");
        System.out.println(""you will have been alive for around ..."");
        System.out.printf(""- %.2f years
"", (double) daysAlive / daysInYear);
        System.out.printf(""- %d days
"", daysAlive);
        System.out.printf(""- %d hours
"", daysAlive * hoursInDay);
        System.out.printf(""- %d minutes
"", daysAlive * hoursInDay * minutesInHour);
        System.out.printf(
                ""- %d seconds
"",
                daysAlive * hoursInDay * minutesInHour * secondsInMinute);
        System.out.printf(
                ""Your heart will have beaten around %d times
"",
                daysAlive * hoursInDay * minutesInHour * beatsPerMinute);
        System.out.printf(
                ""and most importantly, you will have eaten about %d tacos.
"",
                daysAlive / 7 * tacosPerWeek);
    } 
}  
import java.util.Scanner;
public class CarCosts {
    public static void main(String[] args) {
        Scanner scnr = new Scanner(System.in);
        System.out.print(""Enter the car's efficiency: "");
        double carEfficiency = scnr.nextDouble();
        System.out.print(""Enter the cost of fuel: "");
        double gasCost = scnr.nextDouble();
        System.out.printf(
                ""The cost to drive this car for 10 miles is $%.2f
"",
                10.0 * (1 / carEfficiency) * gasCost);
        System.out.printf(
                ""The cost to drive this car for 50 miles is $%.2f
"",
                50.0 * (1 / carEfficiency) * gasCost);
        System.out.printf(
                ""The cost to drive this car for 400 miles is $%.2f
"",
                400.0 * (1 / carEfficiency) * gasCost);
    }  
}  
import java.util.Scanner;
public class DoTheMath {
    public static void main(String[] args) {
        Scanner scnr = new Scanner(System.in);
        System.out.print(""Enter value for x: "");
        double x = scnr.nextDouble();
        System.out.print(""Enter value for y: "");
        double y = scnr.nextDouble();
        System.out.print(""Enter value for z: "");
        double z = scnr.nextDouble();
        System.out.println(
                ""The result of x to the power y is ""
                + Math.pow(x, y));
        System.out.println(
                ""The result of x to the power (y to the power z) is ""
                + Math.pow(x, (Math.pow(y, z))));
        System.out.println(
                ""The absolute value of x is ""
                + Math.abs(x));
        System.out.println(
                ""The square root of (x * y) to the power z is ""
                + Math.pow(Math.sqrt(x * y), z));
    }  
}  
import java.util.*;
public class Polynomial {
    public static void main(String[] args) {
    Scanner console = new Scanner(System.in);
    int root1, root2;
    System.out.print(""Enter first root: "");
    root1 = console.nextInt();
    System.out.print(""Enter second root: "");
    root2 = console.nextInt();
    System.out.print(""The polynomial is "");
    System.out.println(""x^2 + "" + -(root1 + root2) + ""x + "" + (root1 * root2));
    }
}","Method and Class Utilization","Tests if the student can identify how specific Java classes and methods are utilized within a program, including the instantiation and use of objects.","Locate usage of an imported standard library class, such as LocalDate or Scanner.; Identify methods called on instances of this class.; Ask students to trace how these methods affect the program's flow or modify the state of variables.; Provide concrete, new input values for all required variables or parameters.; Explicitly mention the name of the variable/method that you're referring to.; Do not ask questions that have anything to do with the Random class or it's seed. Do not even mention seed.; Do not ask questions that ask about the quality of the written code or to critique a piece of code.; Do not generate question types that ask about the role/purpose of a variable, line, method, object or class.","In the BirthdayTrivia class, how does the method LocalDate.of(...) affect the creation of dates in the program?","It creates LocalDate objects for the date of birth and the target date.","It performs arithmetic operations on dates to calculate the age.; It compares two dates to determine if one is earlier than the other.; It parses string representations of dates into LocalDate objects.","The LocalDate.of(...) method is used to create instances of LocalDate by specifying the year, month, and day. In this program, it is used to create the birthDate and targetDate variables.","The method creates a LocalDate object but does not perform arithmetic operations.; The method does not involve comparing dates to determine their order.; The method does not parse strings to create dates, it uses numeric year, month, and day."
"2","import java.time.temporal.ChronoUnit;
import java.time.LocalDate;
import java.util.Scanner;
public class BirthdayTrivia {
    public static final int daysInYear = 365;
    public static final int hoursInDay = 24;
    public static final int minutesInHour = 60;
    public static final int secondsInMinute = 60;
    public static final int beatsPerMinute = 72;
    public static final int tacosPerWeek = 2;
    public static void main(String[] args) {
        Scanner scnr = new Scanner(System.in);
        System.out.print(""Enter the month you were born (1-12): "");
        int monthBorn = scnr.nextInt();
        System.out.print(""Enter the day you were born (1-31): "");
        int dayBorn = scnr.nextInt();
        System.out.print(""Enter the year you were born (1900-2017): "");
        int yearBorn = scnr.nextInt();
        LocalDate birthDate = LocalDate.of(yearBorn, monthBorn, dayBorn);
        LocalDate targetDate = LocalDate.of(2023, 10, 1);
        int daysAlive = (int) ChronoUnit.DAYS.between(birthDate, targetDate);
        System.out.println(""On October 1st of this year,"");
        System.out.println(""you will have been alive for around ..."");
        System.out.printf(""- %.2f years
"", (double) daysAlive / daysInYear);
        System.out.printf(""- %d days
"", daysAlive);
        System.out.printf(""- %d hours
"", daysAlive * hoursInDay);
        System.out.printf(""- %d minutes
"", daysAlive * hoursInDay * minutesInHour);
        System.out.printf(
                ""- %d seconds
"",
                daysAlive * hoursInDay * minutesInHour * secondsInMinute);
        System.out.printf(
                ""Your heart will have beaten around %d times
"",
                daysAlive * hoursInDay * minutesInHour * beatsPerMinute);
        System.out.printf(
                ""and most importantly, you will have eaten about %d tacos.
"",
                daysAlive / 7 * tacosPerWeek);
    } 
}  
import java.util.Scanner;
public class CarCosts {
    public static void main(String[] args) {
        Scanner scnr = new Scanner(System.in);
        System.out.print(""Enter the car's efficiency: "");
        double carEfficiency = scnr.nextDouble();
        System.out.print(""Enter the cost of fuel: "");
        double gasCost = scnr.nextDouble();
        System.out.printf(
                ""The cost to drive this car for 10 miles is $%.2f
"",
                10.0 * (1 / carEfficiency) * gasCost);
        System.out.printf(
                ""The cost to drive this car for 50 miles is $%.2f
"",
                50.0 * (1 / carEfficiency) * gasCost);
        System.out.printf(
                ""The cost to drive this car for 400 miles is $%.2f
"",
                400.0 * (1 / carEfficiency) * gasCost);
    }  
}  
import java.util.Scanner;
public class DoTheMath {
    public static void main(String[] args) {
        Scanner scnr = new Scanner(System.in);
        System.out.print(""Enter value for x: "");
        double x = scnr.nextDouble();
        System.out.print(""Enter value for y: "");
        double y = scnr.nextDouble();
        System.out.print(""Enter value for z: "");
        double z = scnr.nextDouble();
        System.out.println(
                ""The result of x to the power y is ""
                + Math.pow(x, y));
        System.out.println(
                ""The result of x to the power (y to the power z) is ""
                + Math.pow(x, (Math.pow(y, z))));
        System.out.println(
                ""The absolute value of x is ""
                + Math.abs(x));
        System.out.println(
                ""The square root of (x * y) to the power z is ""
                + Math.pow(Math.sqrt(x * y), z));
    }  
}  
import java.util.*;
public class Polynomial {
    public static void main(String[] args) {
    Scanner console = new Scanner(System.in);
    int root1, root2;
    System.out.print(""Enter first root: "");
    root1 = console.nextInt();
    System.out.print(""Enter second root: "");
    root2 = console.nextInt();
    System.out.print(""The polynomial is "");
    System.out.println(""x^2 + "" + -(root1 + root2) + ""x + "" + (root1 * root2));
    }
}","Variable Initialization and Usage","Tests if the student can identify how variables are initialized and reused within a program.","Select a variable that is initialized with a value given by user input.; Trace the usage of this variable throughout the program to determine its final utilized value or state.; Ask the student to identify the purpose of this variable in the logical flow of the program.; Provide concrete, new input values for all required variables or parameters.; Explicitly mention the name of the variable/method that you're referring to.; Do not ask questions that have anything to do with the Random class or it's seed. Do not even mention seed.; Do not ask questions that ask about the quality of the written code or to critique a piece of code.; Do not generate question types that ask about the role/purpose of a variable, line, method, object or class.","In the `BirthdayTrivia` class, the variable `daysAlive` is initialized based on user input values for `monthBorn`, `dayBorn`, and `yearBorn`. What is the final usage of the `daysAlive` variable in the program?","It is used to calculate and print out several metrics including years, days, hours, minutes, seconds alive, heartbeats, and tacos consumed.","It is only used to print the number of days alive.; It is used to adjust the target date.; It is not used at all after initialization.","The variable `daysAlive` is calculated using the difference in days between the `birthDate` and the `targetDate`. This value is then used to calculate years alive, hours, minutes, seconds, heartbeats estimated, and tacos consumed, which are all printed as output.","`daysAlive` is not only used to print the number of days alive; it is used in multiple calculations.; The `daysAlive` variable is not used to adjust either date, but rather to perform calculations based on it.; `daysAlive` is central to the calculations in the program and is repeatedly used, not left unused after initialization."
"1","import java.util.Scanner;
public class BasicIO {
    public static void main(String[] args) {
        Scanner scnr = new Scanner(System.in);
        System.out.print(""Enter an integer: "");
        int num1 = scnr.nextInt();
        System.out.println(""The triple of "" + num1 + "" is "" + (3 * num1));
        System.out.println(""The square of "" + num1 + "" is "" + (num1 * num1));
        System.out.println(""Voila!"");
        System.out.print(""Enter another integer: "");
        int num2 = scnr.nextInt();
        System.out.println(""("" + num1 + "" + "" + num2 + "") is "" + (num1 + num2));
        System.out.println(""("" + num1 + "" * "" + num2 + "") is "" + (num1 * num2));
        System.out.println(""That is all!"");
    }  
}  
public class EiffelTower {
    public static void main(String[] args) {
        System.out.println(""                |"");
        System.out.println(""                |"");
        System.out.println(""                A"");
        System.out.println(""              _/X\_"");
        System.out.println(""              \/X\/"");
        System.out.println(""               |V|"");
        System.out.println(""               |A|"");
        System.out.println(""               |V|"");
        System.out.println(""              /XXX\"");
        System.out.println(""              |\/\|"");
        System.out.println(""              |/\/|"");
        System.out.println(""              |\/\|"");
        System.out.println(""              |/\/|"");
        System.out.println(""              |\/\|"");
        System.out.println(""              |/\/|"");
        System.out.println(""             IIIIIII"");
        System.out.println(""             |\/_\/|"");
        System.out.println(""            /\
        System.out.println(""            |/|   |\|"");
        System.out.println(""           /\X/___\X/\"");
        System.out.println(""          IIIIIIIIIIIII"");
        System.out.println(""         /`-\/XXXXX\/-`\"");
        System.out.println(""       /`.-'/\|/I\|/\'-.`\"");
        System.out.println(""      /`\-/_.-""``""-._ \-/\"");
        System.out.println(""     /.-'.'           '.'-.\"");
        System.out.println(""    /`\-/               \-/`\"");
        System.out.println("" _/` -
    ""/`_               _`\"" -
    `\_"");
        System.out.println(""`""""""""""""""``""""""""""""`"");
    }  
}  
import java.util.Scanner;
public class HelloThere {
    public static void main(String[] args) {
        Scanner scnr = new Scanner(System.in);
        System.out.print(""What is your name? "");
        String name = scnr.next();
        System.out.println(""Hello "" + name + ""!"");
    }  
}  
public class ProgrammingStyleGuide {
    public static void main(String[] args) {
        System.out.print(""I have read the CS 1101 programming style guide document on "" +
                ""Brightspace and agree to follow the style guidelines in the document.
"");
    }  
}","Print Statement Analysis","Tests if the student can trace and reproduce the exact output of print statements, including any formatting or specific characters.","Select a set of print statements in any of the classes provided.; Simulate the output that would be displayed on the console when the code runs.; Create a question asking the student to match output with statements or to predict the display based on a given piece of code.; Provide concrete, new input values for all required variables or parameters.; Explicitly mention the name of the variable/method that you're referring to.; Do not ask questions that have anything to do with the Random class or it's seed. Do not even mention seed.; Do not ask questions that ask about the quality of the written code or to critique a piece of code.; Do not generate question types that ask about the role/purpose of a variable, line, method, object or class.","Consider the `EiffelTower` class. What will be the exact output of the `main` method when it's run?","                |
                |
                A
              _/X\_
              \/X\/
               |V|
               |A|
               |V|
              /XXX\
              |\/\|
              |/\/|
              |\/\|
              |/\/|
              |\/\|
              |/\/|
             IIIIIII
             |\/_\/|
            /\ 
            |/|   |\|
           /\X/___\X/\
          IIIIIIIIIIIII
         /`-\/XXXXX\/`-
       /`.-'/\|/I\|/\'-.`
      /`\-/'_.-""``""-._\-/`
     /.-'.'           '.'-.
    /`\-                \-/`
 _/` -""               ""-` \_
`""""""""""""""``""""""""""","                |
                A
              _/X\_
              \/X\/
               |A|
               |V|
              /XXX\
              |\/\|
              |\/\|
              |\/\|
             IIIIIII
             |\/_\/|
            \X/     \X/
          IIIIIIIIIIIII
         /`-\/XXXXX\/`
`""""""""""""""`;                 |
                |
                A
              _/X\_
              \/X\/
               |V|
               |A|
               |V|
            /XXX\
            |\/\|
           \|/\/|
          |\/\|
            |\/\|
            |/\/|
            |\/\|
          IIIIIII
          |\/_\/|
         /\X/___\X/\; The EiffelTower code contains a syntax error, so it does not run successfully.","The `EiffelTower` class contains a series of print statements, each responsible for printing a specific art line to the console. Each statement includes characters for constructing a tower, resulting in a multi-line ASCII art shaped like the Eiffel Tower.","This answer omits many lines and characters, which alters the expected art output significantly.; This answer incorrectly arranges the structure, missing parts of the picture and some details.; Despite a seeming syntax error, Java allows normal string literals across lines, and the program does execute as expected."
"3","public class AnimalKingdom {
    public static void main(String[] args) {
        printMessage();
        bull();
        bull();
        dog();
        dog();
        fox();
        fox();
        lion();
        lion();
    }
    public static void printMessage() {
        System.out.println(""This program will print various animal faces."");
        System.out.println();
    }
    public static void bull() {
        System.out.println(""((___))"");
        System.out.println(""-(. .)-"");
        System.out.println(""(o___o)"");
        System.out.println();
    }
    public static void dog() {
        System.out.println(""  -___-"");
        System.out.println(""\/). .(\/"");
        System.out.println(""  (_o_)"");
        System.out.println();
    }
    public static void fox() {
        System.out.println(""(\,,,/)"");
        System.out.println("" (. .)"");
        System.out.println(""  \_/"");
        System.out.println();
    }
    public static void lion() {
        System.out.println("" ^,,,^"");
        System.out.println("" <. .>"");
        System.out.println(""==(Y)=="");
        System.out.println();
    }
}
public class ASCIIComputers {
    public static void main(String[] args) {
        printHappyGirl();
        printHappyBoy();
        printTiredGirl();
        printTiredBoy();
    }
    public static void printTiredTop() {
        System.out.println(""     ---------"");
        System.out.println(""     | Tired |"");
    }
    public static void printHappyTop() {
        System.out.println(""     ---------"");
        System.out.println(""     | Happy |"");
    }
    public static void printGirlHeader() {
        System.out.println(""     | Girl  |"");
        System.out.println(""     ---------"");
        System.out.println(""  _   _"");
        System.out.println("" | \_/ |_________"");
        System.out.println("" |_/-\_|_______  |"");
    }
    public static void printBoyHeader() {
        System.out.println(""     |  Boy  |"");
        System.out.println(""     ---------"");
        System.out.println(""  _______________"");
        System.out.println("" |  ___________  |"");
    }
    public static void printTiredScreen() {
        System.out.println("" | |           | |"");
        System.out.println("" | |   X   X   | |"");
        System.out.println("" | |     -     | |"");
        System.out.println("" | |    ___    | |"");
    }
    public static void printHappyScreen() {
        System.out.println("" | |           | |"");
        System.out.println("" | |   0   0   | |"");
        System.out.println("" | |     -     | |"");
        System.out.println("" | |   \___/   | |"");
    }
    public static void printBoyFooter() {
        System.out.println("" | |___     ___| |"");
        System.out.println("" |_____|\_/|_____|"");
        System.out.println(""    _|_|/ \|_|_"");
    }
    public static void printGirlFooter() {
        System.out.println("" | |___________| |"");
        System.out.println("" |_______________|"");
        System.out.println(""    _|_______|_"");
    }
    public static void printKeyboard() {
        System.out.println(""   / ********* \"");
        System.out.println("" /  ***********  \"");
        System.out.println(""-------------------"");
        System.out.println();
    }
    public static void printTiredGirl() {
        printTiredTop();
        printGirlHeader();
        printTiredScreen();
        printGirlFooter();
        printKeyboard();
    }
    public static void printTiredBoy() {
        printTiredTop();
        printBoyHeader();
        printTiredScreen();
        printBoyFooter();
        printKeyboard();
    }
    public static void printHappyGirl() {
        printHappyTop();
        printGirlHeader();
        printHappyScreen();
        printGirlFooter();
        printKeyboard();
    }
    public static void printHappyBoy() {
        printHappyTop();
        printBoyHeader();
        printHappyScreen();
        printBoyFooter();
        printKeyboard();
    }
}
import java.util.Scanner;
import java.lang.Math;
public class PaintCalculator {
    public static final int NUM_WALLS = 4;
    public static final double SINGLE_GALLON_COVERAGE = 350;
    public static void main(String[] args) {
        Scanner console = new Scanner(System.in);
        double wallHeight = getWallHeight(console);
        double wallWidth = getWallWidth(console);
        double wallArea = calcWallArea(wallHeight, wallWidth);
        double gallonsPaintNeeded = calcGallons(wallArea);
        displayResults(wallArea, gallonsPaintNeeded);
    }
    public static double getWallHeight(Scanner console) {
        System.out.print(""Enter wall height (feet): "");
        double wallHeight = console.nextDouble();
        return wallHeight;
    }
    public static double getWallWidth(Scanner console) {
        System.out.print(""Enter wall width (feet): "");
        double wallWidth = console.nextDouble();
        return wallWidth;
    }
    public static double calcWallArea(double wallHeight, double wallWidth) {
        return wallHeight * wallWidth;
    }
    public static double calcGallons(double wallArea) {
        return (NUM_WALLS * wallArea) / SINGLE_GALLON_COVERAGE;
    }
    public static void displayResults(double wallArea, double gallonsPaintNeeded) {
        System.out.printf(""The wall area is %.1f square feet
"", wallArea);
        System.out.printf(
                ""The paint needed (assuming 4 walls) is %.2f gallons
"",
                gallonsPaintNeeded);
        int numPaintCans = (int) Math.ceil(gallonsPaintNeeded);
        System.out.printf(""The number of cans to purchase is %d can(s)
"", numPaintCans);
    }
}","Parameter Influence on Output","Tests if the student can determine how changing input parameters influences the output.","Select a method that takes parameters affecting its output.; Provide a specific input scenario and ask how the output differs with a different input.; Provide concrete, new input values for all required variables or parameters.; Explicitly mention the name of the variable/method that you're referring to.; Do not ask questions that have anything to do with the Random class or it's seed. Do not even mention seed.; Do not ask questions that ask about the quality of the written code or to critique a piece of code.; Do not generate question types that ask about the role/purpose of a variable, line, method, object or class.","In the PaintCalculator class, what would be the effect on the output if you change the wall height from 10 feet to 15 feet when calling the method calcWallArea?","The wall area would increase by 50 square feet.","The wall area would decrease.; The wall area would stay the same.; The wall area would double.","The wall area is calculated using the formula wallHeight * wallWidth. Increasing the wall height from 10 to 15 feet increases the area by (15 - 10) * wallWidth, which equals 5 * wallWidth, hence an increase of 50 square feet if wallWidth is 10 feet.","Changing the parameters affects the wall area directly according to their values multiplied together.; The wall area's calculation depends on both wall height and wall width, so changing one of them affects the result.; Increasing the wall height increases the wall area by the difference multiplied by the width, it does not double unless both values are the same."
"3","public class AnimalKingdom {
    public static void main(String[] args) {
        printMessage();
        bull();
        bull();
        dog();
        dog();
        fox();
        fox();
        lion();
        lion();
    }
    public static void printMessage() {
        System.out.println(""This program will print various animal faces."");
        System.out.println();
    }
    public static void bull() {
        System.out.println(""((___))"");
        System.out.println(""-(. .)-"");
        System.out.println(""(o___o)"");
        System.out.println();
    }
    public static void dog() {
        System.out.println(""  -___-"");
        System.out.println(""\/). .(\/"");
        System.out.println(""  (_o_)"");
        System.out.println();
    }
    public static void fox() {
        System.out.println(""(\,,,/)"");
        System.out.println("" (. .)"");
        System.out.println(""  \_/"");
        System.out.println();
    }
    public static void lion() {
        System.out.println("" ^,,,^"");
        System.out.println("" <. .>"");
        System.out.println(""==(Y)=="");
        System.out.println();
    }
}
public class ASCIIComputers {
    public static void main(String[] args) {
        printHappyGirl();
        printHappyBoy();
        printTiredGirl();
        printTiredBoy();
    }
    public static void printTiredTop() {
        System.out.println(""     ---------"");
        System.out.println(""     | Tired |"");
    }
    public static void printHappyTop() {
        System.out.println(""     ---------"");
        System.out.println(""     | Happy |"");
    }
    public static void printGirlHeader() {
        System.out.println(""     | Girl  |"");
        System.out.println(""     ---------"");
        System.out.println(""  _   _"");
        System.out.println("" | \_/ |_________"");
        System.out.println("" |_/-\_|_______  |"");
    }
    public static void printBoyHeader() {
        System.out.println(""     |  Boy  |"");
        System.out.println(""     ---------"");
        System.out.println(""  _______________"");
        System.out.println("" |  ___________  |"");
    }
    public static void printTiredScreen() {
        System.out.println("" | |           | |"");
        System.out.println("" | |   X   X   | |"");
        System.out.println("" | |     -     | |"");
        System.out.println("" | |    ___    | |"");
    }
    public static void printHappyScreen() {
        System.out.println("" | |           | |"");
        System.out.println("" | |   0   0   | |"");
        System.out.println("" | |     -     | |"");
        System.out.println("" | |   \___/   | |"");
    }
    public static void printBoyFooter() {
        System.out.println("" | |___     ___| |"");
        System.out.println("" |_____|\_/|_____|"");
        System.out.println(""    _|_|/ \|_|_"");
    }
    public static void printGirlFooter() {
        System.out.println("" | |___________| |"");
        System.out.println("" |_______________|"");
        System.out.println(""    _|_______|_"");
    }
    public static void printKeyboard() {
        System.out.println(""   / ********* \"");
        System.out.println("" /  ***********  \"");
        System.out.println(""-------------------"");
        System.out.println();
    }
    public static void printTiredGirl() {
        printTiredTop();
        printGirlHeader();
        printTiredScreen();
        printGirlFooter();
        printKeyboard();
    }
    public static void printTiredBoy() {
        printTiredTop();
        printBoyHeader();
        printTiredScreen();
        printBoyFooter();
        printKeyboard();
    }
    public static void printHappyGirl() {
        printHappyTop();
        printGirlHeader();
        printHappyScreen();
        printGirlFooter();
        printKeyboard();
    }
    public static void printHappyBoy() {
        printHappyTop();
        printBoyHeader();
        printHappyScreen();
        printBoyFooter();
        printKeyboard();
    }
}
import java.util.Scanner;
import java.lang.Math;
public class PaintCalculator {
    public static final int NUM_WALLS = 4;
    public static final double SINGLE_GALLON_COVERAGE = 350;
    public static void main(String[] args) {
        Scanner console = new Scanner(System.in);
        double wallHeight = getWallHeight(console);
        double wallWidth = getWallWidth(console);
        double wallArea = calcWallArea(wallHeight, wallWidth);
        double gallonsPaintNeeded = calcGallons(wallArea);
        displayResults(wallArea, gallonsPaintNeeded);
    }
    public static double getWallHeight(Scanner console) {
        System.out.print(""Enter wall height (feet): "");
        double wallHeight = console.nextDouble();
        return wallHeight;
    }
    public static double getWallWidth(Scanner console) {
        System.out.print(""Enter wall width (feet): "");
        double wallWidth = console.nextDouble();
        return wallWidth;
    }
    public static double calcWallArea(double wallHeight, double wallWidth) {
        return wallHeight * wallWidth;
    }
    public static double calcGallons(double wallArea) {
        return (NUM_WALLS * wallArea) / SINGLE_GALLON_COVERAGE;
    }
    public static void displayResults(double wallArea, double gallonsPaintNeeded) {
        System.out.printf(""The wall area is %.1f square feet
"", wallArea);
        System.out.printf(
                ""The paint needed (assuming 4 walls) is %.2f gallons
"",
                gallonsPaintNeeded);
        int numPaintCans = (int) Math.ceil(gallonsPaintNeeded);
        System.out.printf(""The number of cans to purchase is %d can(s)
"", numPaintCans);
    }
}","Function Output Prediction","Tests if the student can predict the output of a function or method based on its implementation.","Select a method that produces a specific pattern output to the console.; Ask what will be printed when the selected method is called.; Provide concrete, new input values for all required variables or parameters.; Explicitly mention the name of the variable/method that you're referring to.; Do not ask questions that have anything to do with the Random class or it's seed. Do not even mention seed.; Do not ask questions that ask about the quality of the written code or to critique a piece of code.; Do not generate question types that ask about the role/purpose of a variable, line, method, object or class.","What will be printed to the console when the method 'lion()' is called?"," ^,,,^
 <. .>
==(Y)==
"," ^,,,^
 <o o>
==(Y)==
;  ^^^^
 <. .>
==(Y)==
;  ^,,,^
 <. .>
==O==
","The method 'lion()' outputs the specific ASCII art designed to resemble a lion's face. Each line prints a different part of the lion face ASCII art pattern, exactly as declared in the method: '^,,,^', '<. .>', '==(Y)==', followed by a newline.","The second line '<o o>' is incorrect; it should be '<. .>' according to the 'lion()' method implementation.; The first line should be '^,,,^' not '^^^^', as it represents part of the lion's mane.; The last line should be '==(Y)==', not '==O==', as the vortex pattern is unaffected by other decorations."
"3","public class AnimalKingdom {
    public static void main(String[] args) {
        printMessage();
        bull();
        bull();
        dog();
        dog();
        fox();
        fox();
        lion();
        lion();
    }
    public static void printMessage() {
        System.out.println(""This program will print various animal faces."");
        System.out.println();
    }
    public static void bull() {
        System.out.println(""((___))"");
        System.out.println(""-(. .)-"");
        System.out.println(""(o___o)"");
        System.out.println();
    }
    public static void dog() {
        System.out.println(""  -___-"");
        System.out.println(""\/). .(\/"");
        System.out.println(""  (_o_)"");
        System.out.println();
    }
    public static void fox() {
        System.out.println(""(\,,,/)"");
        System.out.println("" (. .)"");
        System.out.println(""  \_/"");
        System.out.println();
    }
    public static void lion() {
        System.out.println("" ^,,,^"");
        System.out.println("" <. .>"");
        System.out.println(""==(Y)=="");
        System.out.println();
    }
}
public class ASCIIComputers {
    public static void main(String[] args) {
        printHappyGirl();
        printHappyBoy();
        printTiredGirl();
        printTiredBoy();
    }
    public static void printTiredTop() {
        System.out.println(""     ---------"");
        System.out.println(""     | Tired |"");
    }
    public static void printHappyTop() {
        System.out.println(""     ---------"");
        System.out.println(""     | Happy |"");
    }
    public static void printGirlHeader() {
        System.out.println(""     | Girl  |"");
        System.out.println(""     ---------"");
        System.out.println(""  _   _"");
        System.out.println("" | \_/ |_________"");
        System.out.println("" |_/-\_|_______  |"");
    }
    public static void printBoyHeader() {
        System.out.println(""     |  Boy  |"");
        System.out.println(""     ---------"");
        System.out.println(""  _______________"");
        System.out.println("" |  ___________  |"");
    }
    public static void printTiredScreen() {
        System.out.println("" | |           | |"");
        System.out.println("" | |   X   X   | |"");
        System.out.println("" | |     -     | |"");
        System.out.println("" | |    ___    | |"");
    }
    public static void printHappyScreen() {
        System.out.println("" | |           | |"");
        System.out.println("" | |   0   0   | |"");
        System.out.println("" | |     -     | |"");
        System.out.println("" | |   \___/   | |"");
    }
    public static void printBoyFooter() {
        System.out.println("" | |___     ___| |"");
        System.out.println("" |_____|\_/|_____|"");
        System.out.println(""    _|_|/ \|_|_"");
    }
    public static void printGirlFooter() {
        System.out.println("" | |___________| |"");
        System.out.println("" |_______________|"");
        System.out.println(""    _|_______|_"");
    }
    public static void printKeyboard() {
        System.out.println(""   / ********* \"");
        System.out.println("" /  ***********  \"");
        System.out.println(""-------------------"");
        System.out.println();
    }
    public static void printTiredGirl() {
        printTiredTop();
        printGirlHeader();
        printTiredScreen();
        printGirlFooter();
        printKeyboard();
    }
    public static void printTiredBoy() {
        printTiredTop();
        printBoyHeader();
        printTiredScreen();
        printBoyFooter();
        printKeyboard();
    }
    public static void printHappyGirl() {
        printHappyTop();
        printGirlHeader();
        printHappyScreen();
        printGirlFooter();
        printKeyboard();
    }
    public static void printHappyBoy() {
        printHappyTop();
        printBoyHeader();
        printHappyScreen();
        printBoyFooter();
        printKeyboard();
    }
}
import java.util.Scanner;
import java.lang.Math;
public class PaintCalculator {
    public static final int NUM_WALLS = 4;
    public static final double SINGLE_GALLON_COVERAGE = 350;
    public static void main(String[] args) {
        Scanner console = new Scanner(System.in);
        double wallHeight = getWallHeight(console);
        double wallWidth = getWallWidth(console);
        double wallArea = calcWallArea(wallHeight, wallWidth);
        double gallonsPaintNeeded = calcGallons(wallArea);
        displayResults(wallArea, gallonsPaintNeeded);
    }
    public static double getWallHeight(Scanner console) {
        System.out.print(""Enter wall height (feet): "");
        double wallHeight = console.nextDouble();
        return wallHeight;
    }
    public static double getWallWidth(Scanner console) {
        System.out.print(""Enter wall width (feet): "");
        double wallWidth = console.nextDouble();
        return wallWidth;
    }
    public static double calcWallArea(double wallHeight, double wallWidth) {
        return wallHeight * wallWidth;
    }
    public static double calcGallons(double wallArea) {
        return (NUM_WALLS * wallArea) / SINGLE_GALLON_COVERAGE;
    }
    public static void displayResults(double wallArea, double gallonsPaintNeeded) {
        System.out.printf(""The wall area is %.1f square feet
"", wallArea);
        System.out.printf(
                ""The paint needed (assuming 4 walls) is %.2f gallons
"",
                gallonsPaintNeeded);
        int numPaintCans = (int) Math.ceil(gallonsPaintNeeded);
        System.out.printf(""The number of cans to purchase is %d can(s)
"", numPaintCans);
    }
}","Constant and Variable Impact","Tests if the student can determine the effect of constants and variables in calculations.","Select a calculation inside a method that uses constants or variables.; Alter the constant or variable value and ask what new output will be produced or how the calculation result changes.; Provide concrete, new input values for all required variables or parameters.; Explicitly mention the name of the variable/method that you're referring to.; Do not ask questions that have anything to do with the Random class or it's seed. Do not even mention seed.; Do not ask questions that ask about the quality of the written code or to critique a piece of code.; Do not generate question types that ask about the role/purpose of a variable, line, method, object or class.","Assume the constant SINGLE_GALLON_COVERAGE in the PaintCalculator class is changed to 400. If the user inputs a wall height of 10 feet and a wall width of 10 feet, what will be the new output for gallonsPaintNeeded?","The new output will be 1.00 gallons.","The new output will be 1.14 gallons.; The new output will be 0.88 gallons.; The new output will be 1.75 gallons.","With a wall height of 10 feet and a wall width of 10 feet, the wall area is 100 square feet. The new calculation for gallonsPaintNeeded is (4 * 100) / 400, resulting in 1 gallon.","1.14 gallons is incorrect because it uses the original SINGLE_GALLON_COVERAGE value of 350 instead of the new value.; 0.88 gallons is incorrect due to a miscalculation of the number of gallons needed based on the revised coverage area.; 1.75 gallons is incorrect because it assumes more wall area than actually given."
"3","public class AnimalKingdom {
    public static void main(String[] args) {
        printMessage();
        bull();
        bull();
        dog();
        dog();
        fox();
        fox();
        lion();
        lion();
    }
    public static void printMessage() {
        System.out.println(""This program will print various animal faces."");
        System.out.println();
    }
    public static void bull() {
        System.out.println(""((___))"");
        System.out.println(""-(. .)-"");
        System.out.println(""(o___o)"");
        System.out.println();
    }
    public static void dog() {
        System.out.println(""  -___-"");
        System.out.println(""\/). .(\/"");
        System.out.println(""  (_o_)"");
        System.out.println();
    }
    public static void fox() {
        System.out.println(""(\,,,/)"");
        System.out.println("" (. .)"");
        System.out.println(""  \_/"");
        System.out.println();
    }
    public static void lion() {
        System.out.println("" ^,,,^"");
        System.out.println("" <. .>"");
        System.out.println(""==(Y)=="");
        System.out.println();
    }
}
public class ASCIIComputers {
    public static void main(String[] args) {
        printHappyGirl();
        printHappyBoy();
        printTiredGirl();
        printTiredBoy();
    }
    public static void printTiredTop() {
        System.out.println(""     ---------"");
        System.out.println(""     | Tired |"");
    }
    public static void printHappyTop() {
        System.out.println(""     ---------"");
        System.out.println(""     | Happy |"");
    }
    public static void printGirlHeader() {
        System.out.println(""     | Girl  |"");
        System.out.println(""     ---------"");
        System.out.println(""  _   _"");
        System.out.println("" | \_/ |_________"");
        System.out.println("" |_/-\_|_______  |"");
    }
    public static void printBoyHeader() {
        System.out.println(""     |  Boy  |"");
        System.out.println(""     ---------"");
        System.out.println(""  _______________"");
        System.out.println("" |  ___________  |"");
    }
    public static void printTiredScreen() {
        System.out.println("" | |           | |"");
        System.out.println("" | |   X   X   | |"");
        System.out.println("" | |     -     | |"");
        System.out.println("" | |    ___    | |"");
    }
    public static void printHappyScreen() {
        System.out.println("" | |           | |"");
        System.out.println("" | |   0   0   | |"");
        System.out.println("" | |     -     | |"");
        System.out.println("" | |   \___/   | |"");
    }
    public static void printBoyFooter() {
        System.out.println("" | |___     ___| |"");
        System.out.println("" |_____|\_/|_____|"");
        System.out.println(""    _|_|/ \|_|_"");
    }
    public static void printGirlFooter() {
        System.out.println("" | |___________| |"");
        System.out.println("" |_______________|"");
        System.out.println(""    _|_______|_"");
    }
    public static void printKeyboard() {
        System.out.println(""   / ********* \"");
        System.out.println("" /  ***********  \"");
        System.out.println(""-------------------"");
        System.out.println();
    }
    public static void printTiredGirl() {
        printTiredTop();
        printGirlHeader();
        printTiredScreen();
        printGirlFooter();
        printKeyboard();
    }
    public static void printTiredBoy() {
        printTiredTop();
        printBoyHeader();
        printTiredScreen();
        printBoyFooter();
        printKeyboard();
    }
    public static void printHappyGirl() {
        printHappyTop();
        printGirlHeader();
        printHappyScreen();
        printGirlFooter();
        printKeyboard();
    }
    public static void printHappyBoy() {
        printHappyTop();
        printBoyHeader();
        printHappyScreen();
        printBoyFooter();
        printKeyboard();
    }
}
import java.util.Scanner;
import java.lang.Math;
public class PaintCalculator {
    public static final int NUM_WALLS = 4;
    public static final double SINGLE_GALLON_COVERAGE = 350;
    public static void main(String[] args) {
        Scanner console = new Scanner(System.in);
        double wallHeight = getWallHeight(console);
        double wallWidth = getWallWidth(console);
        double wallArea = calcWallArea(wallHeight, wallWidth);
        double gallonsPaintNeeded = calcGallons(wallArea);
        displayResults(wallArea, gallonsPaintNeeded);
    }
    public static double getWallHeight(Scanner console) {
        System.out.print(""Enter wall height (feet): "");
        double wallHeight = console.nextDouble();
        return wallHeight;
    }
    public static double getWallWidth(Scanner console) {
        System.out.print(""Enter wall width (feet): "");
        double wallWidth = console.nextDouble();
        return wallWidth;
    }
    public static double calcWallArea(double wallHeight, double wallWidth) {
        return wallHeight * wallWidth;
    }
    public static double calcGallons(double wallArea) {
        return (NUM_WALLS * wallArea) / SINGLE_GALLON_COVERAGE;
    }
    public static void displayResults(double wallArea, double gallonsPaintNeeded) {
        System.out.printf(""The wall area is %.1f square feet
"", wallArea);
        System.out.printf(
                ""The paint needed (assuming 4 walls) is %.2f gallons
"",
                gallonsPaintNeeded);
        int numPaintCans = (int) Math.ceil(gallonsPaintNeeded);
        System.out.printf(""The number of cans to purchase is %d can(s)
"", numPaintCans);
    }
}","Conditional Output Path","Tests if the student can predict the execution path and output based on different conditions.","Find a method that has different outputs for different input conditions.; Provide various input conditions and ask which output will be produced.; Provide concrete, new input values for all required variables or parameters.; Explicitly mention the name of the variable/method that you're referring to.; Do not ask questions that have anything to do with the Random class or it's seed. Do not even mention seed.; Do not ask questions that ask about the quality of the written code or to critique a piece of code.; Do not generate question types that ask about the role/purpose of a variable, line, method, object or class.","If the method 'calcGallons' is called with a 'wallArea' of 700 square feet, how many gallons of paint will it calculate as needed?","8.00","2.00; 4.00; 16.00","The method 'calcGallons' calculates the gallons needed by taking the total area for 4 walls and dividing by the coverage of one gallon. For a single wall area of 700 feet, the calculation for 4 walls would be (4 * 700) / 350, resulting in exactly 8.00 gallons.","A wall area of 700 means for 4 walls, the total area is 2800 square feet, which divided by the coverage of 350 gives greater than 2 gallons.; A wall area of 700 on its own does not lead to calculating only for one wall; it's considered for 4 walls, hence more than 4 gallons are needed.; A total of 2800 square feet when divided by the single gallon coverage results in 8 gallons, not 16 gallons as that would imply double the actual calculation."
"3","public class AnimalKingdom {
    public static void main(String[] args) {
        printMessage();
        bull();
        bull();
        dog();
        dog();
        fox();
        fox();
        lion();
        lion();
    }
    public static void printMessage() {
        System.out.println(""This program will print various animal faces."");
        System.out.println();
    }
    public static void bull() {
        System.out.println(""((___))"");
        System.out.println(""-(. .)-"");
        System.out.println(""(o___o)"");
        System.out.println();
    }
    public static void dog() {
        System.out.println(""  -___-"");
        System.out.println(""\/). .(\/"");
        System.out.println(""  (_o_)"");
        System.out.println();
    }
    public static void fox() {
        System.out.println(""(\,,,/)"");
        System.out.println("" (. .)"");
        System.out.println(""  \_/"");
        System.out.println();
    }
    public static void lion() {
        System.out.println("" ^,,,^"");
        System.out.println("" <. .>"");
        System.out.println(""==(Y)=="");
        System.out.println();
    }
}
public class ASCIIComputers {
    public static void main(String[] args) {
        printHappyGirl();
        printHappyBoy();
        printTiredGirl();
        printTiredBoy();
    }
    public static void printTiredTop() {
        System.out.println(""     ---------"");
        System.out.println(""     | Tired |"");
    }
    public static void printHappyTop() {
        System.out.println(""     ---------"");
        System.out.println(""     | Happy |"");
    }
    public static void printGirlHeader() {
        System.out.println(""     | Girl  |"");
        System.out.println(""     ---------"");
        System.out.println(""  _   _"");
        System.out.println("" | \_/ |_________"");
        System.out.println("" |_/-\_|_______  |"");
    }
    public static void printBoyHeader() {
        System.out.println(""     |  Boy  |"");
        System.out.println(""     ---------"");
        System.out.println(""  _______________"");
        System.out.println("" |  ___________  |"");
    }
    public static void printTiredScreen() {
        System.out.println("" | |           | |"");
        System.out.println("" | |   X   X   | |"");
        System.out.println("" | |     -     | |"");
        System.out.println("" | |    ___    | |"");
    }
    public static void printHappyScreen() {
        System.out.println("" | |           | |"");
        System.out.println("" | |   0   0   | |"");
        System.out.println("" | |     -     | |"");
        System.out.println("" | |   \___/   | |"");
    }
    public static void printBoyFooter() {
        System.out.println("" | |___     ___| |"");
        System.out.println("" |_____|\_/|_____|"");
        System.out.println(""    _|_|/ \|_|_"");
    }
    public static void printGirlFooter() {
        System.out.println("" | |___________| |"");
        System.out.println("" |_______________|"");
        System.out.println(""    _|_______|_"");
    }
    public static void printKeyboard() {
        System.out.println(""   / ********* \"");
        System.out.println("" /  ***********  \"");
        System.out.println(""-------------------"");
        System.out.println();
    }
    public static void printTiredGirl() {
        printTiredTop();
        printGirlHeader();
        printTiredScreen();
        printGirlFooter();
        printKeyboard();
    }
    public static void printTiredBoy() {
        printTiredTop();
        printBoyHeader();
        printTiredScreen();
        printBoyFooter();
        printKeyboard();
    }
    public static void printHappyGirl() {
        printHappyTop();
        printGirlHeader();
        printHappyScreen();
        printGirlFooter();
        printKeyboard();
    }
    public static void printHappyBoy() {
        printHappyTop();
        printBoyHeader();
        printHappyScreen();
        printBoyFooter();
        printKeyboard();
    }
}
import java.util.Scanner;
import java.lang.Math;
public class PaintCalculator {
    public static final int NUM_WALLS = 4;
    public static final double SINGLE_GALLON_COVERAGE = 350;
    public static void main(String[] args) {
        Scanner console = new Scanner(System.in);
        double wallHeight = getWallHeight(console);
        double wallWidth = getWallWidth(console);
        double wallArea = calcWallArea(wallHeight, wallWidth);
        double gallonsPaintNeeded = calcGallons(wallArea);
        displayResults(wallArea, gallonsPaintNeeded);
    }
    public static double getWallHeight(Scanner console) {
        System.out.print(""Enter wall height (feet): "");
        double wallHeight = console.nextDouble();
        return wallHeight;
    }
    public static double getWallWidth(Scanner console) {
        System.out.print(""Enter wall width (feet): "");
        double wallWidth = console.nextDouble();
        return wallWidth;
    }
    public static double calcWallArea(double wallHeight, double wallWidth) {
        return wallHeight * wallWidth;
    }
    public static double calcGallons(double wallArea) {
        return (NUM_WALLS * wallArea) / SINGLE_GALLON_COVERAGE;
    }
    public static void displayResults(double wallArea, double gallonsPaintNeeded) {
        System.out.printf(""The wall area is %.1f square feet
"", wallArea);
        System.out.printf(
                ""The paint needed (assuming 4 walls) is %.2f gallons
"",
                gallonsPaintNeeded);
        int numPaintCans = (int) Math.ceil(gallonsPaintNeeded);
        System.out.printf(""The number of cans to purchase is %d can(s)
"", numPaintCans);
    }
}","Method Call Sequence Execution","Tests if the student can trace the sequence of method calls and predict the resultant output.","Identify a sequence of method calls in the main function.; Ask for the entire console output trace as the methods execute in order.; Provide concrete, new input values for all required variables or parameters.; Explicitly mention the name of the variable/method that you're referring to.; Do not ask questions that have anything to do with the Random class or it's seed. Do not even mention seed.; Do not ask questions that ask about the quality of the written code or to critique a piece of code.; Do not generate question types that ask about the role/purpose of a variable, line, method, object or class.","Given the AnimalKingdom class, if you call main with no changes, what will be the sequence of outputs printed to the console for the sequence of method calls?","This program will print various animal faces.

((___))
-(. .)-
(o___o)

((___))
-(. .)-
(o___o)

  -___-
\/). .(\/
  (_o_)

  -___-
\/). .(\/
  (_o_)

(\,,,/)
 (. .)
  \_/

(\,,,/)
 (. .)
  \_/

 ^,,,^<. .>
==(Y)==

 ^,,,^<. .>
==(Y)==
","This program will print various animal faces.

((___))
-(. .)-
(o___o)

((___))
-(. .)-
(o___o)

  -___-
\/  _o_\/

  -___-
\/  _o_\/

(\,,,/)
 (. .)
  \_/\n
(\,,,/)
 (. .)
  \_/; This program will print various animal faces.

  -___-
(o___o)

  -___-
(_o_)

(\,,,/)
<. .>

(\,,,/)
<. .>

 ^,,,^<. .>
==(Y)==

 ^,,,^<. .>
==(Y)==

((___))
-(. .)-; This program will print various animal faces.

(\,,,/)
 (. .)

(\,,,/)
 (. .)

 ^,,,^<. .>
==(Y)==

 ^,,,^<. .>
==(Y)==

((___))
-(. .)-
(o___o)

((___))
-(. .)-
(o___o)","The AnimalKingdom class calls the methods in this sequence: printMessage(), bull(), bull(), dog(), dog(), fox(), fox(), lion(), lion(). Each method prints its respective animal face to the console, including some repeated calls for each face.","The incorrect output sequence is wrong because each 'dog' method call includes three distinct lines; there is no partial print like '  -___-\/  _o_\/'; The incorrect sequence starts with 'dog' method output, but the correct sequence starts with 'printMessage'.; The incorrect sequence starts with 'fox', but it should start with 'printMessage'. Moreover, the sequence ends incorrectly."